<?xml version="1.0" encoding="UTF-8"?>
<project-private xmlns="http://www.netbeans.org/ns/project-private/1">
    <editor-bookmarks xmlns="http://www.netbeans.org/ns/editor-bookmarks/2" lastBookmarkId="0"/>
    <open-files xmlns="http://www.netbeans.org/ns/projectui-open-files/2">
        <group>
            <file>file:/Users/arzakkhan2002gmail.com/NetBeansProjects/WebApplication2/web/sendfriendreq.jsp</file>
            <file>file:/Users/arzakkhan2002gmail.com/NetBeansProjects/WebApplication2/web/showpost.jsp</file>
            <file>file:/Users/arzakkhan2002gmail.com/NetBeansProjects/WebApplication2/web/logindata.jsp</file>
            <file>file:/Users/arzakkhan2002gmail.com/NetBeansProjects/WebApplication2/web/orangebox.jsp</file>
            <file>file:/Users/arzakkhan2002gmail.com/NetBeansProjects/WebApplication2/web/frequest.jsp</file>
            <file>file:/Users/arzakkhan2002gmail.com/NetBeansProjects/WebApplication2/web/loginpage.jsp</file>
            <file>file:/Users/arzakkhan2002gmail.com/NetBeansProjects/WebApplication2/web/logout.jsp</file>
            <file>file:/Users/arzakkhan2002gmail.com/NetBeansProjects/WebApplication2/web/index.html</file>
            <file>file:/Users/arzakkhan2002gmail.com/NetBeansProjects/WebApplication2/web/api/changepic.jsp</file>
            <file>file:/Users/arzakkhan2002gmail.com/NetBeansProjects/WebApplication2/web/postphoto.jsp</file>
            <file>file:/Users/arzakkhan2002gmail.com/NetBeansProjects/WebApplication2/web/api/createacountdata.jsp</file>
            <file>file:/Users/arzakkhan2002gmail.com/NetBeansProjects/WebApplication2/web/dltrequest.jsp</file>
            <file>file:/Users/arzakkhan2002gmail.com/NetBeansProjects/WebApplication2/web/showfriend.jsp</file>
        </group>
    </open-files>
</project-private>
